Altitude,FR,F_prop,Mach,Ratio,eta
0,1071.568243,17851.96738,0.2,0.060025219,1
862.0689655,1062.803793,17846.93029,0.2,0.05955107,1
1724.137931,1054.033437,17840.7002,0.2,0.059080273,1
2586.206897,1045.258924,17833.24887,0.2,0.058612928,1
3448.275862,1036.482009,17736.99333,0.2,0.058436173,1
4310.344828,1027.704463,17508.15179,0.2,0.058698627,1
5172.413793,1018.928077,17279.60372,0.2,0.058967097,1
6034.482759,1010.154671,17051.39156,0.2,0.059241773,1
6896.551724,1001.386102,16823.55769,0.2,0.05952285,1
7758.62069,992.6242744,16596.14453,0.2,0.059810534,1
8620.689655,983.8711548,16369.19456,0.2,0.060105044,1
9482.758621,975.1287836,16142.75043,0.2,0.060406607,1
10344.82759,966.3992956,15916.85499,0.2,0.060715468,1
11206.89655,956.906534,15684.72772,0.2,0.061008808,1
12068.96552,948.1132247,15459.33862,0.2,0.061329482,1
12931.03448,939.3261334,15234.53935,0.2,0.061657666,1
13793.10345,930.5457533,15010.3619,0.2,0.061993559,1
14655.17241,921.7724086,14786.83707,0.2,0.062337362,1
15517.24138,913.0062216,14563.99431,0.2,0.062689273,1
16379.31034,904.2470715,14341.86148,0.2,0.063049491,1
17241.37931,895.4945421,14120.46464,0.2,0.063418206,1
18103.44828,886.7478561,13899.82771,0.2,0.063795601,1
18965.51724,878.7914051,13685.85688,0.2,0.064211647,1
19827.58621,870.1931328,13467.725,0.2,0.064613224,1
20689.65517,861.6239896,13250.57467,0.2,0.065025405,1
21551.72414,853.0872661,13034.45074,0.2,0.065448655,1
22413.7931,844.5868728,12819.40076,0.2,0.065883491,1
23275.86207,836.1275398,12605.47586,0.2,0.066330502,1
24137.93103,826.8501191,12386.99712,0.2,0.066751458,1
25000,818.2821153,12174.25973,0.2,0.067214117,1
0,858.2597761,12877.14851,0.3,0.066649831,1
862.0689655,855.0417072,12897.54394,0.3,0.066294925,1
1724.137931,851.7059399,12917.58846,0.3,0.065933819,1
2586.206897,848.2559865,12937.26173,0.3,0.065566888,1
3448.275862,844.6953586,12956.5427,0.3,0.065194503,1
4310.344828,841.0275746,12975.40957,0.3,0.064817035,1
5172.413793,837.2561672,12951.79858,0.3,0.064644008,1
6034.482759,833.384694,12793.42492,0.3,0.065141641,1
6896.551724,829.4167484,12635.20645,0.3,0.065643308,1
7758.62069,825.3559739,12477.16917,0.3,0.066149297,1
8620.689655,821.2060794,12319.33932,0.3,0.066659912,1
9482.758621,816.1905376,12156.36182,0.3,0.06714102,1
10344.82759,811.7799809,11998.46378,0.3,0.067656993,1
11206.89655,807.2789188,11840.7849,0.3,0.068177821,1
12068.96552,802.6894629,11683.34346,0.3,0.068703746,1
12931.03448,798.0135549,11526.15699,0.3,0.069235007,1
13793.10345,793.2529383,11369.24208,0.3,0.06977184,1
14655.17241,788.4091227,11212.61426,0.3,0.070314478,1
15517.24138,783.4833399,11056.28784,0.3,0.070863146,1
16379.31034,778.476488,10900.27567,0.3,0.071418055,1
17241.37931,773.3890611,10744.58889,0.3,0.0719794,1
18103.44828,769.1015436,10594.44811,0.3,0.072594772,1
18965.51724,764.0083538,10440.25642,0.3,0.073179079,1
19827.58621,758.8640711,10286.55748,0.3,0.073772404,1
20689.65517,753.6735595,10133.38168,0.3,0.074375325,1
21551.72414,748.442337,9980.761975,0.3,0.074988497,1
22413.7931,742.3935198,9824.497649,0.3,0.075565545,1
23275.86207,736.9180545,9672.212048,0.3,0.076189195,1
24137.93103,731.3767591,9520.393744,0.3,0.076822112,1
25000,725.7666082,9369.039734,0.3,0.077464354,1
0,650.893328,9897.898843,0.4,0.065760758,1
862.0689655,653.3039907,9920.802277,0.4,0.065851931,1
1724.137931,655.4806953,9943.687708,0.4,0.065919276,1
2586.206897,657.4288812,9966.54669,0.4,0.065963558,1
3448.275862,659.1539841,9989.370301,0.4,0.065985539,1
4310.344828,660.6614456,10012.14913,0.4,0.065985977,1
5172.413793,661.9567251,10034.87324,0.4,0.065965629,1
6034.482759,663.0453136,10057.53218,0.4,0.065925249,1
6896.551724,663.9327497,10080.11491,0.4,0.065865593,1
7758.62069,663.7621329,10031.99296,0.4,0.066164533,1
8620.689655,664.1631328,9906.76316,0.4,0.067041386,1
9482.758621,664.3663307,9781.72924,0.4,0.067919109,1
10344.82759,664.3755439,9656.903132,0.4,0.068797992,1
11206.89655,664.1944004,9532.296098,0.4,0.069678322,1
12068.96552,663.8263109,9407.918642,0.4,0.07056038,1
12931.03448,663.2744344,9283.780396,0.4,0.071444434,1
13793.10345,662.5416357,9159.889975,0.4,0.072330742,1
14655.17241,661.6304312,9036.25481,0.4,0.073219541,1
15517.24138,661.3491358,8916.75133,0.4,0.074169292,1
16379.31034,660.222918,8794.227763,0.4,0.075074576,1
17241.37931,658.9490918,8672.073626,0.4,0.075985182,1
18103.44828,657.5335588,8550.30888,0.4,0.076901732,1
18965.51724,655.9826759,8428.955015,0.4,0.077824911,1
19827.58621,654.303405,8308.03551,0.4,0.07875549,1
20689.65517,652.503511,8187.576432,0.4,0.079694341,1
21551.72414,649.5912011,8063.323858,0.4,0.080561219,1
22413.7931,647.346038,7942.979036,0.4,0.08149915,1
23275.86207,644.9509512,7822.983577,0.4,0.082443092,1
24137.93103,642.4028996,7703.32717,0.4,0.083392914,1
25000,640.7423951,7588.153895,0.4,0.084439826,1
0,906.9391097,16205.39767,0.2,0.055965249,0.9
862.0689655,913.2403811,16219.95468,0.2,0.05630351,0.9
1724.137931,918.8368502,16218.10965,0.2,0.056654991,0.9
2586.206897,924.4045791,16214.56482,0.2,0.057010755,0.9
3448.275862,924.6440143,16129.79313,0.2,0.057325225,0.9
4310.344828,916.6379528,15923.67471,0.2,0.057564474,0.9
5172.413793,908.6321555,15717.786,0.2,0.05780917,0.9
6034.482759,900.6281854,15512.16506,0.2,0.058059477,0.9
6896.551724,892.6276232,15306.84993,0.2,0.058315566,0.9
7758.62069,884.6320741,15101.87867,0.2,0.058577618,0.9
8620.689655,876.6431759,14897.28947,0.2,0.058845817,0.9
9482.758621,868.6626085,14693.12064,0.2,0.059120362,0.9
10344.82759,860.6921051,14489.41076,0.2,0.059401457,0.9
11206.89655,852.2763616,14279.95599,0.2,0.059683403,0.9
12068.96552,844.2788485,14076.61984,0.2,0.059977385,0.9
12931.03448,836.2899846,13873.77812,0.2,0.06027846,0.9
13793.10345,828.3371207,13671.81028,0.2,0.06058723,0.9
14655.17241,820.1415526,13469.70211,0.2,0.060887876,0.9
15517.24138,812.1560986,13268.51235,0.2,0.061209281,0.9
16379.31034,804.1785665,13067.92472,0.2,0.061538353,0.9
17241.37931,796.2089718,12867.96256,0.2,0.061875294,0.9
18103.44828,788.2471012,12668.64723,0.2,0.062220306,0.9
18965.51724,780.7195309,12475.39891,0.2,0.062580727,0.9
19827.58621,772.8430572,12278.2809,0.2,0.062943914,0.9
20689.65517,764.9854989,12082.01187,0.2,0.063316069,0.9
21551.72414,757.1480765,11886.6326,0.2,0.063697441,0.9
22413.7931,749.5642655,11692.17611,0.2,0.064108192,0.9
23275.86207,741.8175571,11498.70797,0.2,0.064513123,0.9
24137.93103,733.6620259,11300.99348,0.2,0.064920135,0.9
25000,725.8879412,11108.50493,0.2,0.065345242,0.9
0,670.7225677,11628.7244,0.3,0.057678086,0.9
862.0689655,680.3174125,11641.73598,0.3,0.058437798,0.9
1724.137931,690.9530207,11664.32273,0.3,0.059236446,0.9
2586.206897,702.1472712,11694.7784,0.3,0.060039382,0.9
3448.275862,712.4818265,11713.6401,0.3,0.060824972,0.9
4310.344828,722.8881498,11732.16645,0.3,0.061615913,0.9
5172.413793,730.1278473,11712.17844,0.3,0.062339201,0.9
6034.482759,726.9354348,11569.88448,0.3,0.062829965,0.9
6896.551724,723.6458516,11427.72275,0.3,0.063323714,0.9
7758.62069,720.2623891,11285.71643,0.3,0.063820706,0.9
8620.689655,716.7883667,11143.88896,0.3,0.064321205,0.9
9482.758621,712.7979287,10997.38452,0.3,0.064815223,0.9
10344.82759,709.1045409,10855.47456,0.3,0.065322298,0.9
11206.89655,705.3244813,10713.75275,0.3,0.06583356,0.9
12068.96552,701.4603619,10572.23527,0.3,0.066349295,0.9
12931.03448,697.5410668,10431.2283,0.3,0.066870463,0.9
13793.10345,693.2361283,10289.88301,0.3,0.067370652,0.9
14655.17241,689.100602,10149.06873,0.3,0.067897915,0.9
15517.24138,684.8856383,10008.51519,0.3,0.068430294,0.9
16379.31034,680.5926408,9868.233604,0.3,0.068968031,0.9
17241.37931,676.2227567,9728.23363,0.3,0.069511361,0.9
18103.44828,672.2254213,9593.263688,0.3,0.070072651,0.9
18965.51724,667.7787315,9454.594418,0.3,0.070630077,0.9
19827.58621,663.2707136,9316.357848,0.3,0.071194207,0.9
20689.65517,658.6665334,9178.19596,0.3,0.07176427,0.9
21551.72414,654.363691,9041.285469,0.3,0.072375072,0.9
22413.7931,649.3600472,8900.661938,0.3,0.072956377,0.9
23275.86207,644.6139569,8763.634856,0.3,0.073555547,0.9
24137.93103,639.814416,8627.020893,0.3,0.074164004,0.9
25000,634.9618386,8490.810394,0.3,0.074782242,0.9
0,430.6768323,8922.600093,0.4,0.048268086,0.9
862.0689655,446.0129913,8942.953929,0.4,0.049873117,0.9
1724.137931,461.0965453,8963.247354,0.4,0.051443024,0.9
2586.206897,476.1181413,8983.373576,0.4,0.052999927,0.9
3448.275862,491.0857258,9003.306212,0.4,0.054545043,0.9
4310.344828,506.0073501,9023.017077,0.4,0.056079618,0.9
5172.413793,521.8702513,9052.195661,0.4,0.057651234,0.9
6034.482759,536.9309711,9073.291758,0.4,0.059177086,0.9
6896.551724,552.0034697,9094.340712,0.4,0.06069747,0.9
7758.62069,560.4571737,9051.491601,0.4,0.061918764,0.9
8620.689655,561.50833,8938.923826,0.4,0.0628161,0.9
9482.758621,562.3672931,8826.530502,0.4,0.063713289,0.9
10344.82759,563.0384312,8714.322262,0.4,0.064610697,0.9
11206.89655,563.5518585,8602.550496,0.4,0.065509858,0.9
12068.96552,563.5256149,8490.507485,0.4,0.066371252,0.9
12931.03448,563.6192738,8378.912512,0.4,0.067266399,0.9
13793.10345,563.536089,8267.538238,0.4,0.068162502,0.9
14655.17241,563.2791074,8156.391216,0.4,0.069059844,0.9
15517.24138,563.2387033,8048.979169,0.4,0.069976415,0.9
16379.31034,562.7041222,7938.830483,0.4,0.070879977,0.9
17241.37931,562.0143673,7829.011969,0.4,0.071786117,0.9
18103.44828,561.1734029,7719.541534,0.4,0.072695172,0.9
18965.51724,560.1484411,7610.116464,0.4,0.073605765,0.9
19827.58621,559.3770875,7501.717076,0.4,0.07456654,0.9
20689.65517,558.1659984,7393.413428,0.4,0.075495034,0.9
21551.72414,556.3760986,7281.663201,0.4,0.076407832,0.9
22413.7931,554.8260443,7173.450926,0.4,0.07734437,0.9
23275.86207,553.1434305,7065.548988,0.4,0.078287396,0.9
24137.93103,551.3512809,6958.119216,0.4,0.079238551,0.9
25000,549.4912035,6854.41046,0.4,0.080166078,0.9
0,801.0098035,14563.4069,0.2,0.05500154,0.8
862.0689655,805.3729599,14564.61151,0.2,0.055296563,0.8
1724.137931,809.8405301,14564.78486,0.2,0.055602643,0.8
2586.206897,814.4157531,14563.88417,0.2,0.05592023,0.8
3448.275862,814.3510086,14489.86981,0.2,0.056201403,0.8
4310.344828,807.1348333,14306.74963,0.2,0.056416367,0.8
5172.413793,800.0405522,14123.63264,0.2,0.056645523,0.8
6034.482759,792.8347165,13940.87421,0.2,0.056871234,0.8
6896.551724,785.6311593,13758.35113,0.2,0.05710213,0.8
7758.62069,778.4312704,13576.09715,0.2,0.057338369,0.8
8620.689655,771.2364565,13394.14614,0.2,0.057580114,0.8
9482.758621,764.0481495,13212.5321,0.2,0.057827534,0.8
10344.82759,756.8678147,13031.28929,0.2,0.058080808,0.8
11206.89655,749.3114349,12844.96872,0.2,0.058335014,0.8
12068.96552,742.1067858,12663.98168,0.2,0.058599799,0.8
12931.03448,734.9087437,12483.39639,0.2,0.058870897,0.8
13793.10345,727.7180801,12303.23818,0.2,0.0591485,0.8
14655.17241,720.5355045,12123.53145,0.2,0.059432807,0.8
15517.24138,713.361654,11944.29948,0.2,0.059724026,0.8
16379.31034,706.1970825,11765.56431,0.2,0.060022372,0.8
17241.37931,699.0422445,11587.34646,0.2,0.06032807,0.8
18103.44828,691.8974777,11409.66476,0.2,0.06064135,0.8
18965.51724,684.9792689,11237.57088,0.2,0.060954389,0.8
19827.58621,677.8946801,11061.79449,0.2,0.061282523,0.8
20689.65517,670.8284433,10886.73805,0.2,0.061618865,0.8
21551.72414,663.7820348,10712.43837,0.2,0.061963674,0.8
22413.7931,656.7571052,10538.93463,0.2,0.06231722,0.8
23275.86207,649.7555383,10366.26913,0.2,0.062679787,0.8
24137.93103,642.3857983,10189.55995,0.2,0.063043527,0.8
25000,635.3493439,10017.66435,0.2,0.063422902,0.8
0,572.3651033,10385.73534,0.3,0.055110696,0.8
862.0689655,581.5605653,10404.35673,0.3,0.055895869,0.8
1724.137931,590.766334,10422.69104,0.3,0.056680787,0.8
2586.206897,599.9875807,10440.70973,0.3,0.057466168,0.8
3448.275862,609.2294879,10458.3829,0.3,0.058252743,0.8
4310.344828,618.6634968,10475.57329,0.3,0.059057722,0.8
5172.413793,625.1889887,10458.4257,0.3,0.059778499,0.8
6034.482759,622.6982324,10332.27559,0.3,0.060267288,0.8
6896.551724,620.110165,10206.23413,0.3,0.06075798,0.8
7758.62069,617.427838,10080.32182,0.3,0.061250806,0.8
8620.689655,614.65431,9954.559326,0.3,0.061746009,0.8
9482.758621,611.4320415,9824.721758,0.3,0.062234031,0.8
10344.82759,608.4442988,9698.869517,0.3,0.062733528,0.8
11206.89655,605.3692424,9573.174678,0.3,0.063235997,0.8
12068.96552,602.2092433,9447.651423,0.3,0.063741687,0.8
12931.03448,598.9665989,9322.313263,0.3,0.064250855,0.8
13793.10345,595.6435283,9197.172964,0.3,0.064763763,0.8
14655.17241,592.2421606,9072.242408,0.3,0.065280681,0.8
15517.24138,588.7645255,8947.532461,0.3,0.065801888,0.8
16379.31034,585.2125381,8823.052798,0.3,0.06632767,0.8
17241.37931,581.5879796,8698.811667,0.3,0.066858325,0.8
18103.44828,578.0841888,8579.185266,0.3,0.067382178,0.8
18965.51724,574.3565901,8456.121767,0.3,0.067921987,0.8
19827.58621,570.5687195,8333.432982,0.3,0.068467428,0.8
20689.65517,566.7234128,8211.143215,0.3,0.06901882,0.8
21551.72414,562.8236619,8089.278934,0.3,0.069576493,0.8
22413.7931,558.54565,7964.415076,0.3,0.070130153,0.8
23275.86207,554.4615326,7842.626887,0.3,0.070698446,0.8
24137.93103,550.326925,7721.310046,0.3,0.071273776,0.8
25000,546.1296345,7600.339074,0.3,0.071855957,0.8
0,339.7986753,7948.764197,0.4,0.042748617,0.8
862.0689655,353.9800678,7968.089405,0.4,0.044424711,0.8
1724.137931,368.0745592,7987.407158,0.4,0.046081858,0.8
2586.206897,382.0893826,8006.701685,0.4,0.047721196,0.8
3448.275862,396.0317436,8025.95613,0.4,0.049343871,0.8
4310.344828,410.1243451,8045.123974,0.4,0.050978002,0.8
5172.413793,423.9771394,8064.223294,0.4,0.052575074,0.8
6034.482759,437.7849285,8083.217675,0.4,0.054159735,0.8
6896.551724,451.5558997,8102.08333,0.4,0.055733307,0.8
7758.62069,459.615942,8064.2138,0.4,0.056994513,0.8
8620.689655,461.2929072,7964.346477,0.4,0.057919744,0.8
9482.758621,462.7783216,7864.6313,0.4,0.058842977,0.8
10344.82759,464.0762971,7765.077662,0.4,0.05976454,0.8
11206.89655,465.1908581,7665.694415,0.4,0.060684764,0.8
12068.96552,466.1259334,7566.489784,0.4,0.061603986,0.8
12931.03448,466.8853503,7467.471295,0.4,0.06252255,0.8
13793.10345,467.4728213,7368.645623,0.4,0.063440807,0.8
14655.17241,467.8919357,7270.018495,0.4,0.064359112,0.8
15517.24138,468.4787663,7174.709163,0.4,0.065295855,0.8
16379.31034,468.3882822,7077.069082,0.4,0.066183935,0.8
17241.37931,468.3543346,6979.624285,0.4,0.067103087,0.8
18103.44828,468.1717974,6882.486714,0.4,0.06802364,0.8
18965.51724,467.844958,6785.673668,0.4,0.068945985,0.8
19827.58621,467.3782185,6689.204099,0.4,0.069870527,0.8
20689.65517,466.7761462,6593.099105,0.4,0.070797684,0.8
21551.72414,465.6426353,6493.813711,0.4,0.071705573,0.8
22413.7931,464.6974817,6397.771471,0.4,0.072634273,0.8
23275.86207,463.6110326,6302.001751,0.4,0.073565678,0.8
24137.93103,462.6333926,6206.395355,0.4,0.074541399,0.8
25000,461.7021691,6114.483654,0.4,0.075509593,0.8
0,695.9494721,12880.18371,0.2,0.054032573,0.7
862.0689655,699.5270948,12884.20283,0.2,0.054293394,0.7
1724.137931,703.2577083,12888.49377,0.2,0.054564771,0.7
2586.206897,707.0333258,12891.23171,0.2,0.054846065,0.7
3448.275862,706.8181009,12828.88796,0.2,0.05509582,0.7
4310.344828,700.4122696,12668.57217,0.2,0.055287388,0.7
5172.413793,694.0053211,12508.37777,0.2,0.05548324,0.7
6034.482759,687.5984074,12348.33394,0.2,0.055683496,0.7
6896.551724,681.1926763,12188.46989,0.2,0.055888285,0.7
7758.62069,674.7892739,12028.81491,0.2,0.056097735,0.7
8620.689655,668.3893484,11869.39838,0.2,0.056311982,0.7
9482.758621,661.9940535,11710.24986,0.2,0.056531164,0.7
10344.82759,655.720489,11551.49482,0.2,0.05676499,0.7
11206.89655,649.0007984,11387.81067,0.2,0.056990831,0.7
12068.96552,642.5992588,11229.10771,0.2,0.057226208,0.7
12931.03448,636.2643192,11071.62036,0.2,0.05746804,0.7
13793.10345,629.8665907,10913.46258,0.2,0.057714642,0.7
14655.17241,623.4761886,10755.67989,0.2,0.057967157,0.7
15517.24138,617.0935927,10598.29186,0.2,0.058225759,0.7
16379.31034,610.7191964,10441.31696,0.2,0.058490629,0.7
17241.37931,604.3532952,10284.77242,0.2,0.058761951,0.7
18103.44828,597.9960646,10128.67392,0.2,0.059039917,0.7
18965.51724,591.9662848,9977.452512,0.2,0.059330404,0.7
19827.58621,585.6794253,9822.978802,0.2,0.059623403,0.7
20689.65517,579.4109056,9669.111118,0.2,0.059923906,0.7
21551.72414,573.1623073,9515.881203,0.2,0.060232184,0.7
22413.7931,566.9354244,9363.322913,0.2,0.060548529,0.7
23275.86207,560.7323298,9211.472887,0.2,0.060873254,0.7
24137.93103,554.0891252,9056.075659,0.2,0.061184242,0.7
25000,547.8463457,8904.839027,0.2,0.061522319,0.7
0,475.5584455,9126.350452,0.3,0.052108282,0.7
862.0689655,483.8950639,9144.014035,0.3,0.052919326,0.7
1724.137931,492.2272695,9161.560196,0.3,0.05372745,0.7
2586.206897,500.5906258,9179.361811,0.3,0.05453436,0.7
3448.275862,508.8991085,9196.222085,0.3,0.055337845,0.7
4310.344828,517.2860875,9213.763461,0.3,0.056142757,0.7
5172.413793,523.2109174,9199.935504,0.3,0.056871151,0.7
6034.482759,521.4159681,9089.711411,0.3,0.057363314,0.7
6896.551724,519.523475,8979.579705,0.3,0.057856102,0.7
7758.62069,517.5362163,8869.558139,0.3,0.058349718,0.7
8620.689655,515.6014597,8759.747236,0.3,0.058860312,0.7
9482.758621,513.1807119,8646.77276,0.3,0.059349393,0.7
10344.82759,510.8959526,8536.687393,0.3,0.059847096,0.7
11206.89655,508.5247521,8426.743047,0.3,0.060346536,0.7
12068.96552,506.0693249,8316.951498,0.3,0.060847935,0.7
12931.03448,503.531813,8207.323975,0.3,0.061351521,0.7
13793.10345,500.9142755,8097.871037,0.3,0.061857527,0.7
14655.17241,498.2186819,7988.602503,0.3,0.062366188,0.7
15517.24138,495.4468975,7879.527297,0.3,0.062877744,0.7
16379.31034,492.6006694,7770.653292,0.3,0.06339244,0.7
17241.37931,489.6816082,7661.987123,0.3,0.063910524,0.7
18103.44828,487.0224539,7557.323298,0.3,0.064443777,0.7
18965.51724,484.0167299,7449.681981,0.3,0.064971462,0.7
19827.58621,480.9523009,7342.36579,0.3,0.065503724,0.7
20689.65517,477.832154,7235.395392,0.3,0.066040918,0.7
21551.72414,474.6594782,7128.793342,0.3,0.066583425,0.7
22413.7931,471.1581165,7019.504616,0.3,0.067121277,0.7
23275.86207,467.6571112,6913.071946,0.3,0.067648234,0.7
24137.93103,464.2478098,6806.934968,0.3,0.068202181,0.7
25000,460.7789579,6701.093641,0.3,0.068761755,0.7
0,251.2242799,6969.313677,0.4,0.036047205,0.7
862.0689655,264.4315085,6986.542317,0.4,0.037848695,0.7
1724.137931,277.5355371,7003.855285,0.4,0.03962611,0.7
2586.206897,290.543579,7021.243703,0.4,0.041380643,0.7
3448.275862,303.4628538,7038.697736,0.4,0.043113494,0.7
4310.344828,316.3005843,7056.206541,0.4,0.044825868,0.7
5172.413793,329.0639917,7073.758235,0.4,0.046518976,0.7
6034.482759,341.7698877,7091.441129,0.4,0.048194701,0.7
6896.551724,354.8857416,7112.226322,0.4,0.049897982,0.7
7758.62069,362.3662207,7076.732205,0.4,0.051205304,0.7
8620.689655,364.6630712,6989.355217,0.4,0.052174065,0.7
9482.758621,366.7705008,6902.116914,0.4,0.053138842,0.7
10344.82759,368.6924685,6815.0252,0.4,0.054099942,0.7
11206.89655,370.4328408,6728.087505,0.4,0.055057673,0.7
12068.96552,371.9953865,6641.310731,0.4,0.056012345,0.7
12931.03448,373.3837654,6554.701148,0.4,0.05696427,0.7
13793.10345,374.6015224,6468.26433,0.4,0.057913762,0.7
14655.17241,375.6520692,6382.00499,0.4,0.058861137,0.7
15517.24138,376.821804,6298.690675,0.4,0.059825418,0.7
16379.31034,377.5925299,6213.213005,0.4,0.060772507,0.7
17241.37931,378.2134694,6127.992427,0.4,0.061718984,0.7
18103.44828,378.6889735,6043.042598,0.4,0.062665283,0.7
18965.51724,379.0235098,5958.378267,0.4,0.063611858,0.7
19827.58621,379.2217096,5874.015605,0.4,0.064559193,0.7
20689.65517,379.2884271,5789.97263,0.4,0.06550781,0.7
21551.72414,378.6960572,5703.21243,0.4,0.066400482,0.7
22413.7931,378.4161449,5619.230481,0.4,0.067343055,0.7
23275.86207,377.9994602,5535.487022,0.4,0.068286577,0.7
24137.93103,377.4471026,5451.974092,0.4,0.069231272,0.7
25000,377.0885345,5371.644606,0.4,0.070199829,0.7
0,592.6144639,11166.26127,0.2,0.053071879,0.6
862.0689655,595.4596252,11172.37527,0.2,0.053297496,0.6
1724.137931,598.3790067,11178.0053,0.2,0.053531823,0.6
2586.206897,601.3756158,11183.12809,0.2,0.05377526,0.6
3448.275862,601.0022671,11131.3088,0.2,0.053992058,0.6
4310.344828,595.4352159,10994.0707,0.2,0.054159668,0.6
5172.413793,589.8669723,10856.91006,0.2,0.054331018,0.6
6034.482759,584.2985706,10719.85153,0.2,0.054506219,0.6
6896.551724,578.7310417,10582.91978,0.2,0.054685385,0.6
7758.62069,573.1654165,10446.13955,0.2,0.054868635,0.6
8620.689655,567.602728,10309.53569,0.2,0.05505609,0.6
9482.758621,562.0440156,10173.13322,0.2,0.055247877,0.6
10344.82759,556.4903293,10036.95735,0.2,0.055444126,0.6
11206.89655,550.6634744,9896.698809,0.2,0.055641127,0.6
12068.96552,545.0912546,9760.590061,0.2,0.055846137,0.6
12931.03448,539.523089,9624.727304,0.2,0.056055935,0.6
13793.10345,533.9594812,9489.128928,0.2,0.056270653,0.6
14655.17241,528.40087,9353.812617,0.2,0.056490427,0.6
15517.24138,522.8476192,9218.795227,0.2,0.056715396,0.6
16379.31034,517.3837646,9084.034825,0.2,0.056955282,0.6
17241.37931,511.850329,8949.657714,0.2,0.057192168,0.6
18103.44828,506.3237051,8815.62342,0.2,0.057434816,0.6
18965.51724,501.0672148,8685.782583,0.2,0.057688206,0.6
19827.58621,495.5980376,8553.073561,0.2,0.057943853,0.6
20689.65517,490.1436438,8420.846863,0.2,0.05820598,0.6
21551.72414,484.7053062,8289.130118,0.2,0.05847481,0.6
22413.7931,479.2844553,8157.95284,0.2,0.058750579,0.6
23275.86207,473.8827301,8027.347019,0.2,0.059033542,0.6
24137.93103,468.2220893,7893.456183,0.2,0.059317754,0.6
25000,462.8019002,7763.270193,0.2,0.059614298,0.6
0,381.2552817,7861.333754,0.3,0.048497532,0.6
862.0689655,388.7196742,7876.743391,0.3,0.049350303,0.6
1724.137931,396.1618282,7892.153436,0.3,0.050196924,0.6
2586.206897,403.5866829,7907.553684,0.3,0.051038121,0.6
3448.275862,410.9992254,7922.93287,0.3,0.051874632,0.6
4310.344828,418.4044921,7938.278622,0.3,0.052707207,0.6
5172.413793,423.8073807,7927.51637,0.3,0.053460297,0.6
6034.482759,422.7421614,7833.288065,0.3,0.053967396,0.6
6896.551724,421.5803969,7739.134251,0.3,0.054473845,0.6
7758.62069,420.3247622,7645.069953,0.3,0.054979845,0.6
8620.689655,418.9779183,7551.110344,0.3,0.055485604,0.6
9482.758621,417.2847976,7453.998018,0.3,0.05598134,0.6
10344.82759,415.7347094,7359.948582,0.3,0.056486089,0.6
11206.89655,414.0976047,7266.007852,0.3,0.056991076,0.6
12068.96552,412.3755801,7172.186038,0.3,0.057496498,0.6
12931.03448,410.5706543,7078.492841,0.3,0.058002553,0.6
13793.10345,408.6847612,6984.937385,0.3,0.058509438,0.6
14655.17241,406.8248867,6891.481331,0.3,0.05903301,0.6
15517.24138,404.7918321,6798.222522,0.3,0.059543775,0.6
16379.31034,402.6839758,6705.124108,0.3,0.060056155,0.6
17241.37931,400.5029083,6612.191743,0.3,0.060570371,0.6
18103.44828,398.5224614,6522.686576,0.3,0.061097901,0.6
18965.51724,396.2442429,6430.61231,0.3,0.061618431,0.6
19827.58621,393.9051377,6338.805467,0.3,0.062141856,0.6
20689.65517,391.5077995,6247.283882,0.3,0.062668482,0.6
21551.72414,389.0550248,6156.067025,0.3,0.063198634,0.6
22413.7931,386.3199254,6062.520244,0.3,0.063722662,0.6
23275.86207,383.7046125,5971.300914,0.3,0.064258127,0.6
24137.93103,381.039918,5880.427675,0.3,0.064797994,0.6
25000,378.3174103,5789.79318,0.3,0.065342129,0.6
0,165.8715219,5992.686279,0.4,0.027678993,0.6
862.0689655,178.1028925,6006.967956,0.4,0.029649383,0.6
1724.137931,190.2117813,6021.384334,0.4,0.031589377,0.6
2586.206897,202.2051649,6035.932794,0.4,0.033500235,0.6
3448.275862,214.0900427,6050.610036,0.4,0.035383216,0.6
4310.344828,225.8734393,6065.412048,0.4,0.037239587,0.6
5172.413793,237.5624052,6080.33406,0.4,0.039070617,0.6
6034.482759,249.1640161,6095.370495,0.4,0.040877583,0.6
6896.551724,260.6853712,6110.514906,0.4,0.042661768,0.6
7758.62069,268.1483705,6082.79989,0.4,0.04408305,0.6
8620.689655,271.081441,6008.079568,0.4,0.045119483,0.6
9482.758621,273.8260228,5933.472472,0.4,0.046149371,0.6
10344.82759,276.3859434,5858.985522,0.4,0.047173003,0.6
11206.89655,278.7649341,5784.625234,0.4,0.048190665,0.6
12068.96552,280.9666223,5710.397646,0.4,0.049202637,0.6
12931.03448,283.1319047,5636.266011,0.4,0.05023395,0.6
13793.10345,285.0005706,5562.316706,0.4,0.051237746,0.6
14655.17241,286.7032039,5488.514444,0.4,0.052236941,0.6
15517.24138,288.4746375,5417.226313,0.4,0.053251354,0.6
16379.31034,289.891561,5344.084951,0.4,0.054245313,0.6
17241.37931,291.158334,5271.159429,0.4,0.055236108,0.6
18103.44828,292.2790156,5198.461589,0.4,0.056224137,0.6
18965.51724,293.2577369,5126.004219,0.4,0.057209812,0.6
19827.58621,294.0987355,5053.801338,0.4,0.058193569,0.6
20689.65517,294.8064011,4981.868568,0.4,0.059175869,0.6
21551.72414,295.1051432,4907.497018,0.4,0.060133535,0.6
22413.7931,295.4995434,4835.593623,0.4,0.061109259,0.6
23275.86207,295.7605029,4763.888509,0.4,0.062083842,0.6
24137.93103,295.8897229,4692.374514,0.4,0.063057568,0.6
25000,296.158626,4623.593316,0.4,0.064053779,0.6
0,490.5663518,9411.274211,0.2,0.052125391,0.5
862.0689655,492.7938883,9419.697586,0.2,0.052315256,0.5
1724.137931,495.0710525,9427.694323,0.2,0.052512421,0.5
2586.206897,497.4001869,9435.247187,0.2,0.05271724,0.5
3448.275862,496.9532908,9394.125295,0.2,0.052900432,0.5
4310.344828,492.2418933,9279.980086,0.2,0.053043421,0.5
5172.413793,487.5290409,9165.878428,0.2,0.05318956,0.5
6034.482759,482.8156471,9051.840565,0.2,0.053338947,0.5
6896.551724,478.1026223,8937.886778,0.2,0.053491685,0.5
7758.62069,473.3908764,8824.037419,0.2,0.053647877,0.5
8620.689655,468.6813209,8710.312942,0.2,0.053807633,0.5
9482.758621,463.9748727,8596.733951,0.2,0.053971063,0.5
10344.82759,459.272457,8483.32125,0.2,0.054138284,0.5
11206.89655,454.3421236,8366.307139,0.2,0.054306173,0.5
12068.96552,449.6242499,8252.885623,0.2,0.054480853,0.5
12931.03448,444.9097927,8139.643686,0.2,0.054659615,0.5
13793.10345,440.1992326,8026.596218,0.2,0.054842578,0.5
14655.17241,435.4929983,7913.757499,0.2,0.055029864,0.5
15517.24138,430.7914597,7801.141106,0.2,0.055221596,0.5
16379.31034,426.0949185,7688.759798,0.2,0.0554179,0.5
17241.37931,421.4035967,7576.625372,0.2,0.055618904,0.5
18103.44828,416.7176233,7464.748486,0.2,0.055824737,0.5
18965.51724,412.2515097,7356.441339,0.2,0.056039529,0.5
19827.58621,407.6117699,7245.628574,0.2,0.056256233,0.5
20689.65517,402.9837673,7135.191081,0.2,0.056478343,0.5
21551.72414,398.3844717,7025.392982,0.2,0.056706361,0.5
22413.7931,393.576603,6912.682921,0.2,0.056935434,0.5
23275.86207,389.2478471,6806.370794,0.2,0.057188751,0.5
24137.93103,384.4647046,6694.436347,0.2,0.057430482,0.5
25000,379.8709742,6585.557286,0.2,0.057682434,0.5
0,288.5078956,6575.911084,0.3,0.043873448,0.5
862.0689655,295.2772472,6590.364551,0.3,0.044804388,0.5
1724.137931,301.99934,6604.782599,0.3,0.045724342,0.5
2586.206897,308.6783835,6619.158508,0.3,0.046634082,0.5
3448.275862,315.3186457,6633.485196,0.3,0.047534386,0.5
4310.344828,321.9244579,6647.755207,0.3,0.04842604,0.5
5172.413793,326.8742983,6639.947102,0.3,0.049228449,0.5
6034.482759,326.5447581,6561.625475,0.3,0.049765833,0.5
6896.551724,326.119501,6483.363873,0.3,0.050300971,0.5
7758.62069,325.6010917,6405.174747,0.3,0.050834068,0.5
8620.689655,324.9920789,6327.070678,0.3,0.051365331,0.5
9482.758621,324.0814351,6246.239141,0.3,0.05188425,0.5
10344.82759,323.2751116,6168.04551,0.3,0.052411272,0.5
11206.89655,322.3827031,6089.938922,0.3,0.052936935,0.5
12068.96552,321.4062829,6011.92768,0.3,0.053461435,0.5
12931.03448,320.3478587,5934.019652,0.3,0.053984968,0.5
13793.10345,319.2093663,5856.222207,0.3,0.054507728,0.5
14655.17241,317.9926625,5778.542136,0.3,0.055029912,0.5
15517.24138,316.6995162,5700.985559,0.3,0.055551713,0.5
16379.31034,315.3315972,5623.557806,0.3,0.056073327,0.5
17241.37931,313.8904623,5546.263268,0.3,0.056594945,0.5
18103.44828,312.5977514,5471.867674,0.3,0.057128164,0.5
18965.51724,311.0506647,5395.285399,0.3,0.05765231,0.5
19827.58621,309.4410155,5318.921327,0.3,0.0581774,0.5
20689.65517,307.787231,5242.988353,0.3,0.058704542,0.5
21551.72414,306.1258802,5166.909874,0.3,0.059247381,0.5
22413.7931,304.1649884,5089.038448,0.3,0.059768656,0.5
23275.86207,302.2968499,5013.227307,0.3,0.060299849,0.5
24137.93103,300.3705601,4937.617827,0.3,0.060833092,0.5
25000,298.3863577,4862.201371,0.3,0.061368573,0.5
0,82.15980009,4997.845695,0.4,0.016439043,0.5
862.0689655,93.62632669,5010.926257,0.4,0.018684435,0.5
1724.137931,104.944956,5024.066928,0.4,0.020888447,0.5
2586.206897,116.1218477,5037.265897,0.4,0.023052555,0.5
3448.275862,127.1631882,5050.521181,0.4,0.025178231,0.5
4310.344828,138.0751956,5063.830623,0.4,0.027266946,0.5
5172.413793,148.8641248,5077.191881,0.4,0.029320169,0.5
6034.482759,159.5362725,5090.602426,0.4,0.03133937,0.5
6896.551724,170.0979835,5104.059526,0.4,0.033326019,0.5
7758.62069,177.346108,5081.373983,0.4,0.034901211,0.5
8620.689655,180.9179589,5019.189174,0.4,0.036045256,0.5
9482.758621,184.3038684,4957.098399,0.4,0.037179788,0.5
10344.82759,187.5076478,4895.107357,0.4,0.038305114,0.5
11206.89655,190.5330226,4833.221398,0.4,0.039421538,0.5
12068.96552,193.3836277,4771.44547,0.4,0.040529359,0.5
12931.03448,196.0630005,4709.784066,0.4,0.041628873,0.5
13793.10345,198.5745736,4648.241142,0.4,0.042720368,0.5
14655.17241,200.921664,4586.820031,0.4,0.043804131,0.5
15517.24138,203.2931486,4527.51537,0.4,0.044901703,0.5
16379.31034,205.350142,4466.646961,0.4,0.045974115,0.5
17241.37931,207.2571001,4405.95797,0.4,0.04704019,0.5
18103.44828,209.0178108,4345.458219,0.4,0.048100292,0.5
18965.51724,210.6521569,4285.326479,0.4,0.049156618,0.5
19827.58621,212.2210478,4225.071444,0.4,0.050228984,0.5
20689.65517,213.5750223,4165.207666,0.4,0.05127596,0.5
21551.72414,214.5831325,4103.364377,0.4,0.052294438,0.5
22413.7931,215.6351329,4043.528952,0.4,0.05332845,0.5
23275.86207,216.5550488,3983.858404,0.4,0.054358119,0.5
24137.93103,217.3447537,3924.346711,0.4,0.055383678,0.5
25000,218.2216384,3867.140104,0.4,0.056429721,0.5
0,390.4833553,7623.730146,0.2,0.051219462,0.4
862.0689655,392.1392218,7633.487951,0.2,0.05137091,0.4
1724.137931,393.8041416,7642.269314,0.2,0.051529739,0.4
2586.206897,395.5032749,7650.758609,0.2,0.051694648,0.4
3448.275862,395.019924,7619.497639,0.2,0.051843303,0.4
4310.344828,391.1914189,7528.503189,0.2,0.051961381,0.4
5172.413793,387.360906,7437.525534,0.2,0.05208196,0.4
6034.482759,383.5291684,7346.580515,0.2,0.052205127,0.4
6896.551724,379.6969855,7255.684004,0.2,0.05233097,0.4
7758.62069,375.8651352,7164.851936,0.2,0.052459582,0.4
8620.689655,372.0343955,7074.100334,0.2,0.052591054,0.4
9482.758621,368.2055475,6983.44535,0.2,0.052725486,0.4
10344.82759,364.3793777,6892.903304,0.2,0.052862975,0.4
11206.89655,360.3766355,6799.412271,0.2,0.053001145,0.4
12068.96552,356.5379212,6708.815512,0.2,0.05314469,0.4
12931.03448,352.7016331,6618.340438,0.2,0.053291552,0.4
13793.10345,348.8682131,6527.998532,0.2,0.053441834,0.4
14655.17241,345.038063,6437.800782,0.2,0.053595642,0.4
15517.24138,341.2115388,6347.757603,0.2,0.053753083,0.4
16379.31034,337.3889439,6257.878747,0.2,0.053914267,0.4
17241.37931,333.5705206,6168.173174,0.2,0.054079305,0.4
18103.44828,329.75644,6078.648918,0.2,0.054248311,0.4
18965.51724,326.1134135,5992.030067,0.2,0.054424529,0.4
19827.58621,322.3357368,5903.318983,0.2,0.05460246,0.4
20689.65517,318.5675518,5814.884238,0.2,0.054784848,0.4
21551.72414,314.8096917,5726.744097,0.2,0.054971845,0.4
22413.7931,311.0630773,5638.918197,0.2,0.055163609,0.4
23275.86207,307.328748,5551.427979,0.2,0.055360305,0.4
24137.93103,303.4350357,5461.579895,0.2,0.055558106,0.4
25000,299.6903422,5374.248277,0.2,0.055764142,0.4
0,198.8809893,5289.048472,0.3,0.037602414,0.4
862.0689655,204.7344743,5298.575802,0.3,0.038639529,0.4
1724.137931,210.7457636,5310.787588,0.3,0.039682582,0.4
2586.206897,216.6960428,5323.000263,0.3,0.04070938,0.4
3448.275862,222.5889596,5335.20951,0.3,0.041720753,0.4
4310.344828,228.4281941,5347.410709,0.3,0.042717533,0.4
5172.413793,232.958703,5341.83657,0.3,0.043610227,0.4
6034.482759,233.3786404,5279.379939,0.3,0.044205691,0.4
6896.551724,233.7034007,5216.968895,0.3,0.044796779,0.4
7758.62069,233.9354285,5154.613301,0.3,0.045383701,0.4
8620.689655,234.0771492,5092.32312,0.3,0.045966673,0.4
9482.758621,233.9675934,5027.849436,0.3,0.046534328,0.4
10344.82759,233.9178354,4965.481426,0.3,0.047108793,0.4
11206.89655,233.7826258,4903.179942,0.3,0.047679797,0.4
12068.96552,233.5640023,4840.951489,0.3,0.04824754,0.4
12931.03448,233.2639465,4778.802216,0.3,0.04881222,0.4
13793.10345,232.8843793,4716.73787,0.3,0.049374035,0.4
14655.17241,232.4271556,4654.763723,0.3,0.04993318,0.4
15517.24138,231.8940576,4592.884503,0.3,0.050489852,0.4
16379.31034,231.2867872,4531.104298,0.3,0.051044243,0.4
17241.37931,230.606955,4469.426429,0.3,0.051596543,0.4
18103.44828,230.0254529,4410.088188,0.3,0.052158924,0.4
18965.51724,229.2327676,4348.975518,0.3,0.052709602,0.4
19827.58621,228.376903,4288.033414,0.3,0.053259124,0.4
20689.65517,227.4600566,4227.273601,0.3,0.053807744,0.4
21551.72414,226.4844944,4166.708927,0.3,0.054355727,0.4
22413.7931,225.3103212,4104.526171,0.3,0.054893138,0.4
23275.86207,224.1903865,4043.970357,0.3,0.055438187,0.4
24137.93103,223.0142376,3983.599869,0.3,0.055983092,0.4
25000,221.7800234,3923.37734,0.3,0.056527834,0.4
0,2.628587053,4010.624121,0.4,0.000655406,0.4
862.0689655,13.07206764,4019.124908,0.4,0.003252466,0.4
1724.137931,23.58015465,4029.786403,0.4,0.005851465,0.4
2586.206897,33.92826799,4040.51138,0.4,0.008397023,0.4
3448.275862,44.12201013,4051.299109,0.4,0.01089083,0.4
4310.344828,54.16698604,4062.14872,0.4,0.013334565,0.4
5172.413793,64.0688069,4073.059194,0.4,0.015729898,0.4
6034.482759,73.83309401,4084.029362,0.4,0.018078492,0.4
6896.551724,83.46548265,4095.057885,0.4,0.020382003,0.4
7758.62069,90.52486098,4077.115237,0.4,0.022203165,0.4
8620.689655,94.73468934,4027.452457,0.4,0.023522237,0.4
9482.758621,98.76087739,3977.864218,0.4,0.024827614,0.4
10344.82759,102.6072084,3928.355048,0.4,0.026119637,0.4
11206.89655,106.2773887,3878.929193,0.4,0.027398641,0.4
12068.96552,109.7750438,3829.590577,0.4,0.028664956,0.4
12931.03448,113.1037142,3780.34276,0.4,0.029918905,0.4
13793.10345,116.2668491,3731.188865,0.4,0.031160805,0.4
14655.17241,119.2677997,3682.131521,0.4,0.032390967,0.4
15517.24138,122.2510497,3634.772919,0.4,0.033633752,0.4
16379.31034,124.9595845,3586.156972,0.4,0.034844985,0.4
17241.37931,127.5193301,3537.683752,0.4,0.036045995,0.4
18103.44828,129.933953,3489.361113,0.4,0.037237176,0.4
18965.51724,132.2071356,3441.197547,0.4,0.038418932,0.4
19827.58621,134.342597,3393.202383,0.4,0.039591684,0.4
20689.65517,136.3441183,3345.386033,0.4,0.04075587,0.4
21551.72414,138.0490372,3295.947734,0.4,0.041884474,0.4
22413.7931,139.7583395,3248.146538,0.4,0.043027104,0.4
23275.86207,141.3369697,3200.475448,0.4,0.044161242,0.4
24137.93103,142.7869876,3152.929482,0.4,0.045287086,0.4
25000,144.2955762,3107.470639,0.4,0.046435057,0.4
